"#","Working title","Primary keyword","Search intent","Funnel stage","Links to service page","Why it converts","Suggested format"
"1","How to Fix HTML Emails That Break in Outlook (2026 Guide)","html email outlook fix","Problem / how-to","Bottom","/outlook-email-rendering-fix/","Readers have a broken email right now; the fix is technical, so many hire help","Step-by-step guide with before/after screenshots and code snippets"
"2","Klaviyo Abandoned Cart Flow: Setup, Timing and 7 Email Examples","klaviyo abandoned cart flow","How-to","Middle","/klaviyo-flow-setup/","Store owners searching this are about to build the flow and often outsource it","Tutorial + email examples + recommended timing table"
"3","Figma to HTML Email: The Complete Handoff Checklist for Designers","figma to html email","How-to","Middle","/figma-to-html-email/","Designers and agencies who need their designs coded are the exact buyer","Checklist with a downloadable PDF (lead magnet)"
"4","How Much Does a Custom HTML Email Template Cost in 2026?","html email template cost","Commercial research","Bottom","/pricing/","Price-researching visitors are close to buying; show your clear prices","Price breakdown table: freelancer vs agency vs MailStora"
"5","How to Add an HTML Email Signature in Gmail (Step by Step)","html signature gmail","How-to","Middle","/gmail-email-signature/","High search volume; many readers realise a pro signature is easier to buy","Screenshot tutorial + common problems section"
"6","How to Add an HTML Email Signature in Outlook (New and Classic)","html signature outlook","How-to","Middle","/outlook-email-signature/","Outlook signature setup is painful; strong upsell to done-for-you","Screenshot tutorial for Windows, Mac, web and mobile"
"7","Dark Mode Email Design: How to Make Emails Look Right in Every Inbox","dark mode email design","Informational","Top","/outlook-email-rendering-fix/","Shows deep expertise that competitors skip; earns links and AI citations","Visual guide with light/dark comparisons per email client"
"8","Klaviyo Welcome Series: 5 Emails That Turn Subscribers Into Buyers","klaviyo welcome series","How-to / examples","Middle","/klaviyo-flow-setup/","Welcome flow is the first flow every store builds; natural entry to flow setup service","Email-by-email breakdown with subject lines"
"9","Mailchimp vs Klaviyo for Ecommerce: Which Should You Use in 2026?","mailchimp vs klaviyo","Comparison","Middle","/klaviyo-email-templates/","Comparison readers are choosing a platform and will need templates for it","Comparison table + recommendation by store size"
"10","Responsive Email Design: 12 Best Practices That Work in Every Client","responsive email design best practices","Informational","Top","/html-email-template-development/","Pillar article for the main service; strong for AI answers","Numbered best practices with code examples"
"11","Transactional Email Templates: 10 Examples That Customers Actually Read","transactional email examples","Examples","Middle","/transactional-email-templates/","Shopify and SaaS owners looking to rebrand order and shipping emails","Gallery of examples + what each does well"
"12","Why Your Emails Get Clipped in Gmail (and How to Fix the 102 KB Limit)","gmail clipping 102kb","Problem / how-to","Bottom","/html-email-template-development/","Narrow technical problem with high buying intent","Short fix guide + size checklist"
"13","HTML Email Template Checklist: 25 Things to Test Before You Hit Send","email template testing checklist","How-to","Middle","/outlook-email-rendering-fix/","Checklist readers value QA; offer your testing service","Printable checklist (lead magnet)"
"14","White-Label Email Development: How Agencies Scale Without Hiring","white label email development","Commercial","Bottom","/white-label-email-development/","Targets agency owners, your highest-value repeat clients","Guide + process + pricing model + FAQ"
"15","Email Newsletter Design Examples: 15 Layouts That Get Clicks (2026)","email newsletter design examples","Examples / inspiration","Top","/newsletter-email-templates/","Inspiration searches have big volume; showcase your portfolio","Visual gallery linking to portfolio items"
