"#","Title","URL","Category","Main keyword","Words","Published","Featured image"
"1","Best Custom Email Template Development Agencies in 2026 (Top 10 Compared)","/blog/best-custom-email-template-development-agencies/","Email Marketing","email template development","1827","2026-09-27","/images/media/cropped/service-html-email-templates.webp"
"2","How to Fix HTML Emails That Break in Outlook (2026 Guide)","/blog/fix-html-emails-breaking-in-outlook/","Tutorial","outlook email rendering","1801","2026-09-28","/images/media/cropped/service-email-testing-outlook-fixes.webp"
"3","Klaviyo Abandoned Cart Flow: Setup, Timing and Email Examples","/blog/klaviyo-abandoned-cart-flow/","Email Marketing","klaviyo flows","1500","2026-09-28","/images/media/cropped/service-klaviyo-automation-flows.webp"
"4","Figma to HTML Email: The Complete Handoff Checklist for Designers","/blog/figma-to-html-email-handoff-checklist/","Tutorial","figma to html email","1431","2026-09-28","/images/media/cropped/service-figma-psd-to-html-email.webp"
"5","How Much Does a Custom HTML Email Template Cost in 2026?","/blog/html-email-template-cost/","Email Marketing","html email template pricing","1263","2026-09-28","/images/media/email-services-visuals.webp"
"6","How to Add an HTML Email Signature in Gmail (Step by Step)","/blog/add-html-signature-gmail/","Tutorial","gmail email signature","1310","2026-09-28","/images/media/cropped/service-html-email-signatures.webp"
"7","How to Add an HTML Email Signature in Outlook (New and Classic)","/blog/add-html-signature-outlook/","Tutorial","outlook email signature","1341","2026-09-28","/images/media/cropped/corporate-newsletter-email-signature.webp"
"8","Why Gmail Clips Your Emails (and How to Fix the 102 KB Limit)","/blog/gmail-clipping-102kb-limit/","Tutorial","gmail clipping","1432","2026-09-29","/images/media/generated/blog-gmail-clipping-102kb-limit.webp"
"9","Klaviyo Welcome Series: 5 Emails That Turn Subscribers Into Buyers","/blog/klaviyo-welcome-series/","Email Marketing","klaviyo flows","1371","2026-09-29","/images/media/generated/blog-klaviyo-welcome-series.webp"
"10","Dark Mode Email Design: How to Make Emails Look Right in Every Inbox","/blog/dark-mode-email-design/","Tutorial","dark mode","1433","2026-09-29","/images/media/generated/blog-dark-mode-email-design.webp"
"11","HTML Email Testing Checklist: 25 Things to Check Before You Hit Send","/blog/email-testing-checklist/","Tutorial","email testing","1315","2026-09-29","/images/media/generated/blog-email-testing-checklist.webp"
"12","White-Label Email Development: How Agencies Scale Without Hiring","/blog/white-label-email-development-agencies/","Business Growth","white-label email development","1451","2026-09-29","/images/media/generated/blog-white-label-email-development-agencies.webp"
"13","How to Import a Custom HTML Email Template Into Mailchimp","/blog/import-custom-html-template-mailchimp/","Tutorial","mailchimp email templates","1225","2026-09-30","/images/media/generated/blog-import-custom-html-template-mailchimp.webp"
"14","Custom HTML Templates in Klaviyo: How to Keep Them Editable","/blog/klaviyo-custom-html-template/","Tutorial","klaviyo email templates","1252","2026-09-30","/images/media/generated/blog-klaviyo-custom-html-template.webp"
"15","Email Images Not Showing? 7 Causes and How to Fix Them","/blog/email-images-not-showing/","Tutorial","email images","1219","2026-09-30","/images/media/generated/blog-email-images-not-showing.webp"
"16","Why Your Emails Go to Spam (and How to Fix It)","/blog/why-emails-go-to-spam/","Email Marketing","email deliverability","1300","2026-09-30","/images/media/generated/blog-why-emails-go-to-spam.webp"
"17","Email Not Responsive on Mobile? Here’s How to Fix It","/blog/responsive-email-not-working-mobile/","Tutorial","responsive email","1291","2026-09-30","/images/media/generated/blog-responsive-email-not-working-mobile.webp"
"18","Background Images in Outlook: How to Make Them Work With VML","/blog/outlook-background-images-vml/","Tutorial","outlook email rendering","1302","2026-09-30","/images/media/generated/blog-outlook-background-images-vml.webp"
"19","Bulletproof Email Buttons: How to Code CTAs That Work Everywhere","/blog/bulletproof-email-buttons/","Tutorial","email buttons","1331","2026-10-01","/images/media/generated/blog-bulletproof-email-buttons.webp"
"20","How to Customize Shopify Order Confirmation Emails","/blog/customize-shopify-order-confirmation-email/","Tutorial","shopify email templates","1317","2026-10-01","/images/media/generated/blog-customize-shopify-order-confirmation-email.webp"
"21","HubSpot Custom Coded Email Templates: A Practical Guide","/blog/hubspot-custom-coded-email-template/","Tutorial","hubspot email templates","1206","2026-10-01","/images/media/generated/blog-hubspot-custom-coded-email-template.webp"
"22","Accessible Email Design: A Simple Guide for Marketers","/blog/accessible-email-design/","Email Marketing","email accessibility","1291","2026-10-01","/images/media/generated/blog-accessible-email-design.webp"
"23","New Outlook vs Classic Outlook: What Changes for Your Emails in 2026","/blog/new-outlook-vs-classic-outlook-email-rendering/","Tutorial","new outlook","1296","2026-10-02","/images/media/generated/blog-new-outlook-vs-classic-outlook-email-rendering.webp"
"24","New Outlook Breaking Your HTML Emails? Common Causes and Fixes","/blog/new-outlook-breaking-html-email/","Tutorial","new outlook","1254","2026-10-02","/images/media/generated/blog-new-outlook-breaking-html-email.webp"
"25","Klaviyo Email Looks Different in Outlook? How to Fix It","/blog/klaviyo-email-looks-different-in-outlook/","Tutorial","klaviyo email templates","1321","2026-10-02","/images/media/generated/blog-klaviyo-email-looks-different-in-outlook.webp"
"26","DMARC Setup for Klaviyo: A Step-by-Step Guide","/blog/dmarc-setup-klaviyo/","Tutorial","dmarc","1288","2026-10-02","/images/media/generated/blog-dmarc-setup-klaviyo.webp"
"27","How to Warm Up a New Klaviyo Sending Domain","/blog/klaviyo-sending-domain-warm-up/","Email Marketing","klaviyo","1271","2026-10-02","/images/media/generated/blog-klaviyo-sending-domain-warm-up.webp"
"28","How to Stop Fake and Bot Signups in Klaviyo","/blog/klaviyo-fake-signups-bots/","Email Marketing","klaviyo","1253","2026-10-03","/images/media/generated/blog-klaviyo-fake-signups-bots.webp"
"29","Are Email Open Rates Still Reliable in 2026?","/blog/email-open-rates-apple-mail-privacy/","Email Marketing","email metrics","1237","2026-10-03","/images/media/generated/blog-email-open-rates-apple-mail-privacy.webp"
"30","Klaviyo vs Mailchimp for Shopify: Which Should You Choose?","/blog/klaviyo-vs-mailchimp-for-shopify/","Business Growth","klaviyo","1324","2026-10-03","/images/media/generated/blog-klaviyo-vs-mailchimp-for-shopify.webp"
"31","Hire an Email Developer or an Agency? How to Decide","/blog/hire-email-developer-vs-agency/","Business Growth","hire email developer","1246","2026-10-03","/images/media/generated/blog-hire-email-developer-vs-agency.webp"
"32","AI-Generated Email Templates: Do They Work in Real Inboxes?","/blog/ai-generated-email-templates/","Tutorial","ai email templates","1274","2026-10-03","/images/media/generated/blog-ai-generated-email-templates.webp"